Название книги,Цена
Весілля Настусі (м'яка обкладинка),269
Ретрит,495
Ідеальний шторм,495
Життєписи цезарів,Нет цены
Незламні Мураші,350
Апостольство меча. Християнство і застосування сили,250
Замок із кришталю. Книга 2. Земля крилатих,456
Записки Кирпатого Мефістофеля. Федько­халамидник,325
Вчора,186
Котосутра. Нявська насолода,300
Як нації відновлюються: досвід Східної Азії,264
Вторгнення,384
Оголошено вбивство,264
Готель,384
Ключові показники менеджменту. 100+ фінансових коефіцієнтів для ефективного управління компанією,866
"Друзі, коханки і велика халепа",661
Правила мозку для роботи. Наука мислити розумніше в офісі та вдома (у),476
Натхнення природою,796
Як стати (бездоганною) відьмою,478
Час для кохання,348
